Adm0,Adm1,Adm2,ConstructionMaterial,NrBuildings,1,2,3,4,5,6,unknown_floor_nr,-1948,1948-1967,1968-1977,1978-1987,1988-1997,1998-2008,unknown_year
PSE,Westbank,Jenin,Unknown,186,0.3809483523,0.4508328201,0.1162597884,0.028588639,0.0076040094,0.0071403916,0.0086259991,0.043511338,0.1424855208,0.1283989398,0.1450623343,0.2339992147,0.2613134387,0.0452292137
PSE,Westbank,Jenin,Other,1298,0.3809483523,0.4508328201,0.1162597884,0.028588639,0.0076040094,0.0071403916,0.0086259991,0.043511338,0.1424855208,0.1283989398,0.1450623343,0.2339992147,0.2613134387,0.0452292137
PSE,Westbank,Jenin,Old Stone,2231,0.3809483523,0.4508328201,0.1162597884,0.028588639,0.0076040094,0.0071403916,0.0086259991,0.043511338,0.1424855208,0.1283989398,0.1450623343,0.2339992147,0.2613134387,0.0452292137
PSE,Westbank,Jenin,Adobe Clay,414,0.3809483523,0.4508328201,0.1162597884,0.028588639,0.0076040094,0.0071403916,0.0086259991,0.043511338,0.1424855208,0.1283989398,0.1450623343,0.2339992147,0.2613134387,0.0452292137
PSE,Westbank,Jenin,Cement Block,18766,0.3809483523,0.4508328201,0.1162597884,0.028588639,0.0076040094,0.0071403916,0.0086259991,0.043511338,0.1424855208,0.1283989398,0.1450623343,0.2339992147,0.2613134387,0.0452292137
PSE,Westbank,Jenin,Concrete,9023,0.3809483523,0.4508328201,0.1162597884,0.028588639,0.0076040094,0.0071403916,0.0086259991,0.043511338,0.1424855208,0.1283989398,0.1450623343,0.2339992147,0.2613134387,0.0452292137
PSE,Westbank,Jenin,Stone and Concrete,5069,0.3809483523,0.4508328201,0.1162597884,0.028588639,0.0076040094,0.0071403916,0.0086259991,0.043511338,0.1424855208,0.1283989398,0.1450623343,0.2339992147,0.2613134387,0.0452292137
PSE,Westbank,Jenin,Cleaned Stone,4151,0.3809483523,0.4508328201,0.1162597884,0.028588639,0.0076040094,0.0071403916,0.0086259991,0.043511338,0.1424855208,0.1283989398,0.1450623343,0.2339992147,0.2613134387,0.0452292137
PSE,Westbank,Tubas,Unknown,53,0.3809483523,0.4508328201,0.1162597884,0.028588639,0.0076040094,0.0071403916,0.0086259991,0.0321521412,0.1526884663,0.1271035709,0.1513202901,0.243672185,0.2748666028,0.0181967437
PSE,Westbank,Tubas,Other,516,0.3809483523,0.4508328201,0.1162597884,0.028588639,0.0076040094,0.0071403916,0.0086259991,0.0321521412,0.1526884663,0.1271035709,0.1513202901,0.243672185,0.2748666028,0.0181967437
PSE,Westbank,Tubas,Old Stone,303,0.3809483523,0.4508328201,0.1162597884,0.028588639,0.0076040094,0.0071403916,0.0086259991,0.0321521412,0.1526884663,0.1271035709,0.1513202901,0.243672185,0.2748666028,0.0181967437
PSE,Westbank,Tubas,Adobe Clay,91,0.3809483523,0.4508328201,0.1162597884,0.028588639,0.0076040094,0.0071403916,0.0086259991,0.0321521412,0.1526884663,0.1271035709,0.1513202901,0.243672185,0.2748666028,0.0181967437
PSE,Westbank,Tubas,Cement Block,4634,0.3809483523,0.4508328201,0.1162597884,0.028588639,0.0076040094,0.0071403916,0.0086259991,0.0321521412,0.1526884663,0.1271035709,0.1513202901,0.243672185,0.2748666028,0.0181967437
PSE,Westbank,Tubas,Concrete,854,0.3809483523,0.4508328201,0.1162597884,0.028588639,0.0076040094,0.0071403916,0.0086259991,0.0321521412,0.1526884663,0.1271035709,0.1513202901,0.243672185,0.2748666028,0.0181967437
PSE,Westbank,Tubas,Stone and Concrete,860,0.3809483523,0.4508328201,0.1162597884,0.028588639,0.0076040094,0.0071403916,0.0086259991,0.0321521412,0.1526884663,0.1271035709,0.1513202901,0.243672185,0.2748666028,0.0181967437
PSE,Westbank,Tubas,Cleaned Stone,425,0.3809483523,0.4508328201,0.1162597884,0.028588639,0.0076040094,0.0071403916,0.0086259991,0.0321521412,0.1526884663,0.1271035709,0.1513202901,0.243672185,0.2748666028,0.0181967437
PSE,Westbank,Tulkarm,Unknown,106,0.3809483523,0.4508328201,0.1162597884,0.028588639,0.0076040094,0.0071403916,0.0086259991,0.074147798,0.1987642034,0.11346106,0.1596997595,0.2190843493,0.2087583976,0.0260844323
PSE,Westbank,Tulkarm,Other,813,0.3809483523,0.4508328201,0.1162597884,0.028588639,0.0076040094,0.0071403916,0.0086259991,0.074147798,0.1987642034,0.11346106,0.1596997595,0.2190843493,0.2087583976,0.0260844323
PSE,Westbank,Tulkarm,Old Stone,2742,0.3809483523,0.4508328201,0.1162597884,0.028588639,0.0076040094,0.0071403916,0.0086259991,0.074147798,0.1987642034,0.11346106,0.1596997595,0.2190843493,0.2087583976,0.0260844323
PSE,Westbank,Tulkarm,Adobe Clay,102,0.3809483523,0.4508328201,0.1162597884,0.028588639,0.0076040094,0.0071403916,0.0086259991,0.074147798,0.1987642034,0.11346106,0.1596997595,0.2190843493,0.2087583976,0.0260844323
PSE,Westbank,Tulkarm,Cement Block,15737,0.3809483523,0.4508328201,0.1162597884,0.028588639,0.0076040094,0.0071403916,0.0086259991,0.074147798,0.1987642034,0.11346106,0.1596997595,0.2190843493,0.2087583976,0.0260844323
PSE,Westbank,Tulkarm,Concrete,1982,0.3809483523,0.4508328201,0.1162597884,0.028588639,0.0076040094,0.0071403916,0.0086259991,0.074147798,0.1987642034,0.11346106,0.1596997595,0.2190843493,0.2087583976,0.0260844323
PSE,Westbank,Tulkarm,Stone and Concrete,1066,0.3809483523,0.4508328201,0.1162597884,0.028588639,0.0076040094,0.0071403916,0.0086259991,0.074147798,0.1987642034,0.11346106,0.1596997595,0.2190843493,0.2087583976,0.0260844323
PSE,Westbank,Tulkarm,Cleaned Stone,1696,0.3809483523,0.4508328201,0.1162597884,0.028588639,0.0076040094,0.0071403916,0.0086259991,0.074147798,0.1987642034,0.11346106,0.1596997595,0.2190843493,0.2087583976,0.0260844323
PSE,Westbank,Nablus,Unknown,709,0.3809483523,0.4508328201,0.1162597884,0.028588639,0.0076040094,0.0071403916,0.0086259991,0.0818126521,0.1856244931,0.1111111111,0.1439831711,0.1975111517,0.2171786294,0.0627787916
PSE,Westbank,Nablus,Other,1114,0.3809483523,0.4508328201,0.1162597884,0.028588639,0.0076040094,0.0071403916,0.0086259991,0.0818126521,0.1856244931,0.1111111111,0.1439831711,0.1975111517,0.2171786294,0.0627787916
PSE,Westbank,Nablus,Old Stone,4912,0.3809483523,0.4508328201,0.1162597884,0.028588639,0.0076040094,0.0071403916,0.0086259991,0.0818126521,0.1856244931,0.1111111111,0.1439831711,0.1975111517,0.2171786294,0.0627787916
PSE,Westbank,Nablus,Adobe Clay,103,0.3809483523,0.4508328201,0.1162597884,0.028588639,0.0076040094,0.0071403916,0.0086259991,0.0818126521,0.1856244931,0.1111111111,0.1439831711,0.1975111517,0.2171786294,0.0627787916
PSE,Westbank,Nablus,Cement Block,15192,0.3809483523,0.4508328201,0.1162597884,0.028588639,0.0076040094,0.0071403916,0.0086259991,0.0818126521,0.1856244931,0.1111111111,0.1439831711,0.1975111517,0.2171786294,0.0627787916
PSE,Westbank,Nablus,Concrete,6388,0.3809483523,0.4508328201,0.1162597884,0.028588639,0.0076040094,0.0071403916,0.0086259991,0.0818126521,0.1856244931,0.1111111111,0.1439831711,0.1975111517,0.2171786294,0.0627787916
PSE,Westbank,Nablus,Stone and Concrete,6495,0.3809483523,0.4508328201,0.1162597884,0.028588639,0.0076040094,0.0071403916,0.0086259991,0.0818126521,0.1856244931,0.1111111111,0.1439831711,0.1975111517,0.2171786294,0.0627787916
PSE,Westbank,Nablus,Cleaned Stone,5052,0.3809483523,0.4508328201,0.1162597884,0.028588639,0.0076040094,0.0071403916,0.0086259991,0.0818126521,0.1856244931,0.1111111111,0.1439831711,0.1975111517,0.2171786294,0.0627787916
PSE,Westbank,Qalqilya,Unknown,76,0.3809483523,0.4508328201,0.1162597884,0.028588639,0.0076040094,0.0071403916,0.0086259991,0.0417922284,0.1478191911,0.1419508327,0.1413164155,0.2206978588,0.262331483,0.0440919905
PSE,Westbank,Qalqilya,Other,691,0.3809483523,0.4508328201,0.1162597884,0.028588639,0.0076040094,0.0071403916,0.0086259991,0.0417922284,0.1478191911,0.1419508327,0.1413164155,0.2206978588,0.262331483,0.0440919905
PSE,Westbank,Qalqilya,Old Stone,508,0.3809483523,0.4508328201,0.1162597884,0.028588639,0.0076040094,0.0071403916,0.0086259991,0.0417922284,0.1478191911,0.1419508327,0.1413164155,0.2206978588,0.262331483,0.0440919905
PSE,Westbank,Qalqilya,Adobe Clay,46,0.3809483523,0.4508328201,0.1162597884,0.028588639,0.0076040094,0.0071403916,0.0086259991,0.0417922284,0.1478191911,0.1419508327,0.1413164155,0.2206978588,0.262331483,0.0440919905
PSE,Westbank,Qalqilya,Cement Block,9532,0.3809483523,0.4508328201,0.1162597884,0.028588639,0.0076040094,0.0071403916,0.0086259991,0.0417922284,0.1478191911,0.1419508327,0.1413164155,0.2206978588,0.262331483,0.0440919905
PSE,Westbank,Qalqilya,Concrete,864,0.3809483523,0.4508328201,0.1162597884,0.028588639,0.0076040094,0.0071403916,0.0086259991,0.0417922284,0.1478191911,0.1419508327,0.1413164155,0.2206978588,0.262331483,0.0440919905
PSE,Westbank,Qalqilya,Stone and Concrete,349,0.3809483523,0.4508328201,0.1162597884,0.028588639,0.0076040094,0.0071403916,0.0086259991,0.0417922284,0.1478191911,0.1419508327,0.1413164155,0.2206978588,0.262331483,0.0440919905
PSE,Westbank,Qalqilya,Cleaned Stone,720,0.3809483523,0.4508328201,0.1162597884,0.028588639,0.0076040094,0.0071403916,0.0086259991,0.0417922284,0.1478191911,0.1419508327,0.1413164155,0.2206978588,0.262331483,0.0440919905
PSE,Westbank,Salfit,Unknown,54,0.3809483523,0.4508328201,0.1162597884,0.028588639,0.0076040094,0.0071403916,0.0086259991,0.0451950063,0.1490370657,0.1198103165,0.1337462499,0.2548146714,0.2471692635,0.0502274267
PSE,Westbank,Salfit,Other,169,0.3809483523,0.4508328201,0.1162597884,0.028588639,0.0076040094,0.0071403916,0.0086259991,0.0451950063,0.1490370657,0.1198103165,0.1337462499,0.2548146714,0.2471692635,0.0502274267
PSE,Westbank,Salfit,Old Stone,955,0.3809483523,0.4508328201,0.1162597884,0.028588639,0.0076040094,0.0071403916,0.0086259991,0.0451950063,0.1490370657,0.1198103165,0.1337462499,0.2548146714,0.2471692635,0.0502274267
PSE,Westbank,Salfit,Adobe Clay,17,0.3809483523,0.4508328201,0.1162597884,0.028588639,0.0076040094,0.0071403916,0.0086259991,0.0451950063,0.1490370657,0.1198103165,0.1337462499,0.2548146714,0.2471692635,0.0502274267
PSE,Westbank,Salfit,Cement Block,6214,0.3809483523,0.4508328201,0.1162597884,0.028588639,0.0076040094,0.0071403916,0.0086259991,0.0451950063,0.1490370657,0.1198103165,0.1337462499,0.2548146714,0.2471692635,0.0502274267
PSE,Westbank,Salfit,Concrete,718,0.3809483523,0.4508328201,0.1162597884,0.028588639,0.0076040094,0.0071403916,0.0086259991,0.0451950063,0.1490370657,0.1198103165,0.1337462499,0.2548146714,0.2471692635,0.0502274267
PSE,Westbank,Salfit,Stone and Concrete,1559,0.3809483523,0.4508328201,0.1162597884,0.028588639,0.0076040094,0.0071403916,0.0086259991,0.0451950063,0.1490370657,0.1198103165,0.1337462499,0.2548146714,0.2471692635,0.0502274267
PSE,Westbank,Salfit,Cleaned Stone,691,0.3809483523,0.4508328201,0.1162597884,0.028588639,0.0076040094,0.0071403916,0.0086259991,0.0451950063,0.1490370657,0.1198103165,0.1337462499,0.2548146714,0.2471692635,0.0502274267
PSE,Westbank,Ramallah and Al-Bireh,Unknown,318,0.3809483523,0.4508328201,0.1162597884,0.028588639,0.0076040094,0.0071403916,0.0086259991,0.0539790505,0.1382669025,0.1104611617,0.1723302952,0.2165419671,0.2303632159,0.0780574072
PSE,Westbank,Ramallah and Al-Bireh,Other,770,0.3809483523,0.4508328201,0.1162597884,0.028588639,0.0076040094,0.0071403916,0.0086259991,0.0539790505,0.1382669025,0.1104611617,0.1723302952,0.2165419671,0.2303632159,0.0780574072
PSE,Westbank,Ramallah and Al-Bireh,Old Stone,4587,0.3809483523,0.4508328201,0.1162597884,0.028588639,0.0076040094,0.0071403916,0.0086259991,0.0539790505,0.1382669025,0.1104611617,0.1723302952,0.2165419671,0.2303632159,0.0780574072
PSE,Westbank,Ramallah and Al-Bireh,Adobe Clay,24,0.3809483523,0.4508328201,0.1162597884,0.028588639,0.0076040094,0.0071403916,0.0086259991,0.0539790505,0.1382669025,0.1104611617,0.1723302952,0.2165419671,0.2303632159,0.0780574072
PSE,Westbank,Ramallah and Al-Bireh,Cement Block,9069,0.3809483523,0.4508328201,0.1162597884,0.028588639,0.0076040094,0.0071403916,0.0086259991,0.0539790505,0.1382669025,0.1104611617,0.1723302952,0.2165419671,0.2303632159,0.0780574072
PSE,Westbank,Ramallah and Al-Bireh,Concrete,5394,0.3809483523,0.4508328201,0.1162597884,0.028588639,0.0076040094,0.0071403916,0.0086259991,0.0539790505,0.1382669025,0.1104611617,0.1723302952,0.2165419671,0.2303632159,0.0780574072
PSE,Westbank,Ramallah and Al-Bireh,Stone and Concrete,4546,0.3809483523,0.4508328201,0.1162597884,0.028588639,0.0076040094,0.0071403916,0.0086259991,0.0539790505,0.1382669025,0.1104611617,0.1723302952,0.2165419671,0.2303632159,0.0780574072
PSE,Westbank,Ramallah and Al-Bireh,Cleaned Stone,12498,0.3809483523,0.4508328201,0.1162597884,0.028588639,0.0076040094,0.0071403916,0.0086259991,0.0539790505,0.1382669025,0.1104611617,0.1723302952,0.2165419671,0.2303632159,0.0780574072
PSE,Westbank,Jericho,Unknown,171,0.3809483523,0.4508328201,0.1162597884,0.028588639,0.0076040094,0.0071403916,0.0086259991,0.0338070307,0.1465968586,0.0553477936,0.1027673897,0.2163051608,0.2788332087,0.166342558
PSE,Westbank,Jericho,Other,785,0.3809483523,0.4508328201,0.1162597884,0.028588639,0.0076040094,0.0071403916,0.0086259991,0.0338070307,0.1465968586,0.0553477936,0.1027673897,0.2163051608,0.2788332087,0.166342558
PSE,Westbank,Jericho,Old Stone,148,0.3809483523,0.4508328201,0.1162597884,0.028588639,0.0076040094,0.0071403916,0.0086259991,0.0338070307,0.1465968586,0.0553477936,0.1027673897,0.2163051608,0.2788332087,0.166342558
PSE,Westbank,Jericho,Adobe Clay,541,0.3809483523,0.4508328201,0.1162597884,0.028588639,0.0076040094,0.0071403916,0.0086259991,0.0338070307,0.1465968586,0.0553477936,0.1027673897,0.2163051608,0.2788332087,0.166342558
PSE,Westbank,Jericho,Cement Block,4677,0.3809483523,0.4508328201,0.1162597884,0.028588639,0.0076040094,0.0071403916,0.0086259991,0.0338070307,0.1465968586,0.0553477936,0.1027673897,0.2163051608,0.2788332087,0.166342558
PSE,Westbank,Jericho,Concrete,179,0.3809483523,0.4508328201,0.1162597884,0.028588639,0.0076040094,0.0071403916,0.0086259991,0.0338070307,0.1465968586,0.0553477936,0.1027673897,0.2163051608,0.2788332087,0.166342558
PSE,Westbank,Jericho,Stone and Concrete,264,0.3809483523,0.4508328201,0.1162597884,0.028588639,0.0076040094,0.0071403916,0.0086259991,0.0338070307,0.1465968586,0.0553477936,0.1027673897,0.2163051608,0.2788332087,0.166342558
PSE,Westbank,Jericho,Cleaned Stone,594,0.3809483523,0.4508328201,0.1162597884,0.028588639,0.0076040094,0.0071403916,0.0086259991,0.0338070307,0.1465968586,0.0553477936,0.1027673897,0.2163051608,0.2788332087,0.166342558
PSE,Westbank,Jerusalem,Unknown,215,0.3809483523,0.4508328201,0.1162597884,0.028588639,0.0076040094,0.0071403916,0.0086259991,0.0402295415,0.1243947636,0.1130372407,0.1613366011,0.2215314723,0.1830952239,0.1563751569
PSE,Westbank,Jerusalem,Other,655,0.3809483523,0.4508328201,0.1162597884,0.028588639,0.0076040094,0.0071403916,0.0086259991,0.0402295415,0.1243947636,0.1130372407,0.1613366011,0.2215314723,0.1830952239,0.1563751569
PSE,Westbank,Jerusalem,Old Stone,1377,0.3809483523,0.4508328201,0.1162597884,0.028588639,0.0076040094,0.0071403916,0.0086259991,0.0402295415,0.1243947636,0.1130372407,0.1613366011,0.2215314723,0.1830952239,0.1563751569
PSE,Westbank,Jerusalem,Adobe Clay,8,0.3809483523,0.4508328201,0.1162597884,0.028588639,0.0076040094,0.0071403916,0.0086259991,0.0402295415,0.1243947636,0.1130372407,0.1613366011,0.2215314723,0.1830952239,0.1563751569
PSE,Westbank,Jerusalem,Cement Block,2194,0.3809483523,0.4508328201,0.1162597884,0.028588639,0.0076040094,0.0071403916,0.0086259991,0.0402295415,0.1243947636,0.1130372407,0.1613366011,0.2215314723,0.1830952239,0.1563751569
PSE,Westbank,Jerusalem,Concrete,1418,0.3809483523,0.4508328201,0.1162597884,0.028588639,0.0076040094,0.0071403916,0.0086259991,0.0402295415,0.1243947636,0.1130372407,0.1613366011,0.2215314723,0.1830952239,0.1563751569
PSE,Westbank,Jerusalem,Stone and Concrete,3034,0.3809483523,0.4508328201,0.1162597884,0.028588639,0.0076040094,0.0071403916,0.0086259991,0.0402295415,0.1243947636,0.1130372407,0.1613366011,0.2215314723,0.1830952239,0.1563751569
PSE,Westbank,Jerusalem,Cleaned Stone,8316,0.3809483523,0.4508328201,0.1162597884,0.028588639,0.0076040094,0.0071403916,0.0086259991,0.0402295415,0.1243947636,0.1130372407,0.1613366011,0.2215314723,0.1830952239,0.1563751569
PSE,Westbank,Bethlehem,Unknown,241,0.3809483523,0.4508328201,0.1162597884,0.028588639,0.0076040094,0.0071403916,0.0086259991,0.0559550657,0.1092293945,0.1188034552,0.1723330922,0.2388409004,0.1855665716,0.1192715204
PSE,Westbank,Bethlehem,Other,421,0.3809483523,0.4508328201,0.1162597884,0.028588639,0.0076040094,0.0071403916,0.0086259991,0.0559550657,0.1092293945,0.1188034552,0.1723330922,0.2388409004,0.1855665716,0.1192715204
PSE,Westbank,Bethlehem,Old Stone,2860,0.3809483523,0.4508328201,0.1162597884,0.028588639,0.0076040094,0.0071403916,0.0086259991,0.0559550657,0.1092293945,0.1188034552,0.1723330922,0.2388409004,0.1855665716,0.1192715204
PSE,Westbank,Bethlehem,Adobe Clay,13,0.3809483523,0.4508328201,0.1162597884,0.028588639,0.0076040094,0.0071403916,0.0086259991,0.0559550657,0.1092293945,0.1188034552,0.1723330922,0.2388409004,0.1855665716,0.1192715204
PSE,Westbank,Bethlehem,Cement Block,2681,0.3809483523,0.4508328201,0.1162597884,0.028588639,0.0076040094,0.0071403916,0.0086259991,0.0559550657,0.1092293945,0.1188034552,0.1723330922,0.2388409004,0.1855665716,0.1192715204
PSE,Westbank,Bethlehem,Concrete,2332,0.3809483523,0.4508328201,0.1162597884,0.028588639,0.0076040094,0.0071403916,0.0086259991,0.0559550657,0.1092293945,0.1188034552,0.1723330922,0.2388409004,0.1855665716,0.1192715204
PSE,Westbank,Bethlehem,Stone and Concrete,2886,0.3809483523,0.4508328201,0.1162597884,0.028588639,0.0076040094,0.0071403916,0.0086259991,0.0559550657,0.1092293945,0.1188034552,0.1723330922,0.2388409004,0.1855665716,0.1192715204
PSE,Westbank,Bethlehem,Cleaned Stone,12215,0.3809483523,0.4508328201,0.1162597884,0.028588639,0.0076040094,0.0071403916,0.0086259991,0.0559550657,0.1092293945,0.1188034552,0.1723330922,0.2388409004,0.1855665716,0.1192715204
PSE,Westbank,Hebron,Unknown,561,0.3809483523,0.4508328201,0.1162597884,0.028588639,0.0076040094,0.0071403916,0.0086259991,0.0280747561,0.0790985296,0.1298612065,0.1778205304,0.2797031744,0.2700838258,0.0353579772
PSE,Westbank,Hebron,Other,1831,0.3809483523,0.4508328201,0.1162597884,0.028588639,0.0076040094,0.0071403916,0.0086259991,0.0280747561,0.0790985296,0.1298612065,0.1778205304,0.2797031744,0.2700838258,0.0353579772
PSE,Westbank,Hebron,Old Stone,7166,0.3809483523,0.4508328201,0.1162597884,0.028588639,0.0076040094,0.0071403916,0.0086259991,0.0280747561,0.0790985296,0.1298612065,0.1778205304,0.2797031744,0.2700838258,0.0353579772
PSE,Westbank,Hebron,Adobe Clay,78,0.3809483523,0.4508328201,0.1162597884,0.028588639,0.0076040094,0.0071403916,0.0086259991,0.0280747561,0.0790985296,0.1298612065,0.1778205304,0.2797031744,0.2700838258,0.0353579772
PSE,Westbank,Hebron,Cement Block,9477,0.3809483523,0.4508328201,0.1162597884,0.028588639,0.0076040094,0.0071403916,0.0086259991,0.0280747561,0.0790985296,0.1298612065,0.1778205304,0.2797031744,0.2700838258,0.0353579772
PSE,Westbank,Hebron,Concrete,17910,0.3809483523,0.4508328201,0.1162597884,0.028588639,0.0076040094,0.0071403916,0.0086259991,0.0280747561,0.0790985296,0.1298612065,0.1778205304,0.2797031744,0.2700838258,0.0353579772
PSE,Westbank,Hebron,Stone and Concrete,18067,0.3809483523,0.4508328201,0.1162597884,0.028588639,0.0076040094,0.0071403916,0.0086259991,0.0280747561,0.0790985296,0.1298612065,0.1778205304,0.2797031744,0.2700838258,0.0353579772
PSE,Westbank,Hebron,Cleaned Stone,18735,0.3809483523,0.4508328201,0.1162597884,0.028588639,0.0076040094,0.0071403916,0.0086259991,0.0280747561,0.0790985296,0.1298612065,0.1778205304,0.2797031744,0.2700838258,0.0353579772
PSE,Gaza Strip,Gaza ash Shamaliyah,Unknown,80,0.5211024678,0.2625099507,0.1274108627,0.0547672584,0.0204949513,0.009070849,0.0046436602,0.0028829825,0.0977449548,0.1062754236,0.1781130287,0.2452114845,0.3366770665,0.0330950594
PSE,Gaza Strip,Gaza ash Shamaliyah,Other,551,0.5211024678,0.2625099507,0.1274108627,0.0547672584,0.0204949513,0.009070849,0.0046436602,0.0028829825,0.0977449548,0.1062754236,0.1781130287,0.2452114845,0.3366770665,0.0330950594
PSE,Gaza Strip,Gaza ash Shamaliyah,Old Stone,97,0.5211024678,0.2625099507,0.1274108627,0.0547672584,0.0204949513,0.009070849,0.0046436602,0.0028829825,0.0977449548,0.1062754236,0.1781130287,0.2452114845,0.3366770665,0.0330950594
PSE,Gaza Strip,Gaza ash Shamaliyah,Adobe Clay,4,0.5211024678,0.2625099507,0.1274108627,0.0547672584,0.0204949513,0.009070849,0.0046436602,0.0028829825,0.0977449548,0.1062754236,0.1781130287,0.2452114845,0.3366770665,0.0330950594
PSE,Gaza Strip,Gaza ash Shamaliyah,Cement Block,24403,0.5211024678,0.2625099507,0.1274108627,0.0547672584,0.0204949513,0.009070849,0.0046436602,0.0028829825,0.0977449548,0.1062754236,0.1781130287,0.2452114845,0.3366770665,0.0330950594
PSE,Gaza Strip,Gaza ash Shamaliyah,Concrete,5,0.5211024678,0.2625099507,0.1274108627,0.0547672584,0.0204949513,0.009070849,0.0046436602,0.0028829825,0.0977449548,0.1062754236,0.1781130287,0.2452114845,0.3366770665,0.0330950594
PSE,Gaza Strip,Gaza ash Shamaliyah,Stone and Concrete,353,0.5211024678,0.2625099507,0.1274108627,0.0547672584,0.0204949513,0.009070849,0.0046436602,0.0028829825,0.0977449548,0.1062754236,0.1781130287,0.2452114845,0.3366770665,0.0330950594
PSE,Gaza Strip,Gaza ash Shamaliyah,Cleaned Stone,203,0.5211024678,0.2625099507,0.1274108627,0.0547672584,0.0204949513,0.009070849,0.0046436602,0.0028829825,0.0977449548,0.1062754236,0.1781130287,0.2452114845,0.3366770665,0.0330950594
PSE,Gaza Strip,Gaza,Unknown,129,0.5211024678,0.2625099507,0.1274108627,0.0547672584,0.0204949513,0.009070849,0.0046436602,0.023015697,0.1217072029,0.1167787881,0.2012518174,0.2299598334,0.2472832114,0.0600034499
PSE,Gaza Strip,Gaza,Other,391,0.5211024678,0.2625099507,0.1274108627,0.0547672584,0.0204949513,0.009070849,0.0046436602,0.023015697,0.1217072029,0.1167787881,0.2012518174,0.2299598334,0.2472832114,0.0600034499
PSE,Gaza Strip,Gaza,Old Stone,621,0.5211024678,0.2625099507,0.1274108627,0.0547672584,0.0204949513,0.009070849,0.0046436602,0.023015697,0.1217072029,0.1167787881,0.2012518174,0.2299598334,0.2472832114,0.0600034499
PSE,Gaza Strip,Gaza,Adobe Clay,12,0.5211024678,0.2625099507,0.1274108627,0.0547672584,0.0204949513,0.009070849,0.0046436602,0.023015697,0.1217072029,0.1167787881,0.2012518174,0.2299598334,0.2472832114,0.0600034499
PSE,Gaza Strip,Gaza,Cement Block,38023,0.5211024678,0.2625099507,0.1274108627,0.0547672584,0.0204949513,0.009070849,0.0046436602,0.023015697,0.1217072029,0.1167787881,0.2012518174,0.2299598334,0.2472832114,0.0600034499
PSE,Gaza Strip,Gaza,Concrete,322,0.5211024678,0.2625099507,0.1274108627,0.0547672584,0.0204949513,0.009070849,0.0046436602,0.023015697,0.1217072029,0.1167787881,0.2012518174,0.2299598334,0.2472832114,0.0600034499
PSE,Gaza Strip,Gaza,Stone and Concrete,943,0.5211024678,0.2625099507,0.1274108627,0.0547672584,0.0204949513,0.009070849,0.0046436602,0.023015697,0.1217072029,0.1167787881,0.2012518174,0.2299598334,0.2472832114,0.0600034499
PSE,Gaza Strip,Gaza,Cleaned Stone,284,0.5211024678,0.2625099507,0.1274108627,0.0547672584,0.0204949513,0.009070849,0.0046436602,0.023015697,0.1217072029,0.1167787881,0.2012518174,0.2299598334,0.2472832114,0.0600034499
PSE,Gaza Strip,Deir Al-Balah,Unknown,128,0.5211024678,0.2625099507,0.1274108627,0.0547672584,0.0204949513,0.009070849,0.0046436602,0.0035096412,0.1250258062,0.0970312565,0.1556216194,0.2557496181,0.3097155126,0.0533465461
PSE,Gaza Strip,Deir Al-Balah,Other,308,0.5211024678,0.2625099507,0.1274108627,0.0547672584,0.0204949513,0.009070849,0.0046436602,0.0035096412,0.1250258062,0.0970312565,0.1556216194,0.2557496181,0.3097155126,0.0533465461
PSE,Gaza Strip,Deir Al-Balah,Old Stone,506,0.5211024678,0.2625099507,0.1274108627,0.0547672584,0.0204949513,0.009070849,0.0046436602,0.0035096412,0.1250258062,0.0970312565,0.1556216194,0.2557496181,0.3097155126,0.0533465461
PSE,Gaza Strip,Deir Al-Balah,Adobe Clay,8,0.5211024678,0.2625099507,0.1274108627,0.0547672584,0.0204949513,0.009070849,0.0046436602,0.0035096412,0.1250258062,0.0970312565,0.1556216194,0.2557496181,0.3097155126,0.0533465461
PSE,Gaza Strip,Deir Al-Balah,Cement Block,23102,0.5211024678,0.2625099507,0.1274108627,0.0547672584,0.0204949513,0.009070849,0.0046436602,0.0035096412,0.1250258062,0.0970312565,0.1556216194,0.2557496181,0.3097155126,0.0533465461
PSE,Gaza Strip,Deir Al-Balah,Concrete,9,0.5211024678,0.2625099507,0.1274108627,0.0547672584,0.0204949513,0.009070849,0.0046436602,0.0035096412,0.1250258062,0.0970312565,0.1556216194,0.2557496181,0.3097155126,0.0533465461
PSE,Gaza Strip,Deir Al-Balah,Stone and Concrete,44,0.5211024678,0.2625099507,0.1274108627,0.0547672584,0.0204949513,0.009070849,0.0046436602,0.0035096412,0.1250258062,0.0970312565,0.1556216194,0.2557496181,0.3097155126,0.0533465461
PSE,Gaza Strip,Deir Al-Balah,Cleaned Stone,192,0.5211024678,0.2625099507,0.1274108627,0.0547672584,0.0204949513,0.009070849,0.0046436602,0.0035096412,0.1250258062,0.0970312565,0.1556216194,0.2557496181,0.3097155126,0.0533465461
PSE,Gaza Strip,Khan Yunis,Unknown,18,0.5211024678,0.2625099507,0.1274108627,0.0547672584,0.0204949513,0.009070849,0.0046436602,0.0081216096,0.1084005026,0.1297618683,0.1995157682,0.2419013761,0.3019093444,0.0103895308
PSE,Gaza Strip,Khan Yunis,Other,617,0.5211024678,0.2625099507,0.1274108627,0.0547672584,0.0204949513,0.009070849,0.0046436602,0.0081216096,0.1084005026,0.1297618683,0.1995157682,0.2419013761,0.3019093444,0.0103895308
PSE,Gaza Strip,Khan Yunis,Old Stone,96,0.5211024678,0.2625099507,0.1274108627,0.0547672584,0.0204949513,0.009070849,0.0046436602,0.0081216096,0.1084005026,0.1297618683,0.1995157682,0.2419013761,0.3019093444,0.0103895308
PSE,Gaza Strip,Khan Yunis,Adobe Clay,10,0.5211024678,0.2625099507,0.1274108627,0.0547672584,0.0204949513,0.009070849,0.0046436602,0.0081216096,0.1084005026,0.1297618683,0.1995157682,0.2419013761,0.3019093444,0.0103895308
PSE,Gaza Strip,Khan Yunis,Cement Block,31692,0.5211024678,0.2625099507,0.1274108627,0.0547672584,0.0204949513,0.009070849,0.0046436602,0.0081216096,0.1084005026,0.1297618683,0.1995157682,0.2419013761,0.3019093444,0.0103895308
PSE,Gaza Strip,Khan Yunis,Concrete,19,0.5211024678,0.2625099507,0.1274108627,0.0547672584,0.0204949513,0.009070849,0.0046436602,0.0081216096,0.1084005026,0.1297618683,0.1995157682,0.2419013761,0.3019093444,0.0103895308
PSE,Gaza Strip,Khan Yunis,Stone and Concrete,162,0.5211024678,0.2625099507,0.1274108627,0.0547672584,0.0204949513,0.009070849,0.0046436602,0.0081216096,0.1084005026,0.1297618683,0.1995157682,0.2419013761,0.3019093444,0.0103895308
PSE,Gaza Strip,Khan Yunis,Cleaned Stone,216,0.5211024678,0.2625099507,0.1274108627,0.0547672584,0.0204949513,0.009070849,0.0046436602,0.0081216096,0.1084005026,0.1297618683,0.1995157682,0.2419013761,0.3019093444,0.0103895308
PSE,Gaza Strip,Rafah,Unknown,73,0.5211024678,0.2625099507,0.1274108627,0.0547672584,0.0204949513,0.009070849,0.0046436602,0.001801709,0.1360032946,0.0593019664,0.1488726449,0.2312879646,0.349325646,0.0734067744
PSE,Gaza Strip,Rafah,Other,411,0.5211024678,0.2625099507,0.1274108627,0.0547672584,0.0204949513,0.009070849,0.0046436602,0.001801709,0.1360032946,0.0593019664,0.1488726449,0.2312879646,0.349325646,0.0734067744
PSE,Gaza Strip,Rafah,Old Stone,104,0.5211024678,0.2625099507,0.1274108627,0.0547672584,0.0204949513,0.009070849,0.0046436602,0.001801709,0.1360032946,0.0593019664,0.1488726449,0.2312879646,0.349325646,0.0734067744
PSE,Gaza Strip,Rafah,Adobe Clay,2,0.5211024678,0.2625099507,0.1274108627,0.0547672584,0.0204949513,0.009070849,0.0046436602,0.001801709,0.1360032946,0.0593019664,0.1488726449,0.2312879646,0.349325646,0.0734067744
PSE,Gaza Strip,Rafah,Cement Block,18730,0.5211024678,0.2625099507,0.1274108627,0.0547672584,0.0204949513,0.009070849,0.0046436602,0.001801709,0.1360032946,0.0593019664,0.1488726449,0.2312879646,0.349325646,0.0734067744
PSE,Gaza Strip,Rafah,Concrete,34,0.5211024678,0.2625099507,0.1274108627,0.0547672584,0.0204949513,0.009070849,0.0046436602,0.001801709,0.1360032946,0.0593019664,0.1488726449,0.2312879646,0.349325646,0.0734067744
PSE,Gaza Strip,Rafah,Stone and Concrete,88,0.5211024678,0.2625099507,0.1274108627,0.0547672584,0.0204949513,0.009070849,0.0046436602,0.001801709,0.1360032946,0.0593019664,0.1488726449,0.2312879646,0.349325646,0.0734067744
PSE,Gaza Strip,Rafah,Cleaned Stone,216,0.5211024678,0.2625099507,0.1274108627,0.0547672584,0.0204949513,0.009070849,0.0046436602,0.001801709,0.1360032946,0.0593019664,0.1488726449,0.2312879646,0.349325646,0.0734067744
